{"cameraMode":{"drawMode":0,"name":"Shaded","section":"Shading Mode"},"sceneLighting":false,"audioPlay":false,"sceneViewState":{"m_AlwaysRefresh":false,"showFog":true,"showSkybox":false,"showFlares":true,"showImageEffects":true,"showParticleSystems":true,"showVisualEffectGraphs":true,"m_FxEnabled":true},"in2DMode":false,"pivot":{"x":0.0000017881393432617188,"y":1.4794957637786866,"z":0.0016335844993591309},"rotation":{"x":0.0010388361988589168,"y":0.9974910616874695,"z":-0.014963964931666851,"w":0.06923331320285797},"size":2.270146608352661,"orthographic":false}